<?xml version="1.0" encoding="UTF-8" standalone="yes"?><map xmlns:ditaarch="http://dita.oasis-open.org/architecture/2005/" xmlns:opentopic-index="http://www.idiominc.com/opentopic/index" cascade="merge" class="- map/map " ditaarch:DITAArchVersion="1.3" domains="(map mapgroup-d) (topic abbrev-d) (topic delay-d) a(props deliveryTarget) (map ditavalref-d) (map glossref-d) (topic hazard-d) (topic hi-d) (topic indexing-d) (topic markup-d) (topic pr-d) (topic relmgmt-d) (topic sw-d) (topic ui-d) (topic ut-d) (topic markup-d xml-d)" xtrc="map:1;3:6" xtrf="file:/C:/Users/jfigueroa38/Documents/GitHub/TCOM-3070-User-Assistance/shopify_final_assignment.ditamap"><opentopic:map xmlns:opentopic="http://www.idiominc.com/opentopic" xmlns:ot-placeholder="http://suite-sol.com/namespaces/ot-placeholder">
    <title xmlns:dita-ot="http://dita-ot.sourceforge.net/ns/201007/dita-ot" class="- topic/title " xtrc="title:1;4:12" xtrf="file:/C:/Users/jfigueroa38/Documents/GitHub/TCOM-3070-User-Assistance/shopify_final_assignment.ditamap">Shopify Final Assignment</title>
    <topicref xmlns:dita-ot="http://dita-ot.sourceforge.net/ns/201007/dita-ot" class="- map/topicref " first_topic_id="#unique_1" href="#unique_1" id="unique_1" ohref="introduction.dita" type="concept" xtrc="topicref:1;5:41" xtrf="file:/C:/Users/jfigueroa38/Documents/GitHub/TCOM-3070-User-Assistance/shopify_final_assignment.ditamap"><topicmeta class="- map/topicmeta " data-topic-id="concept_tmd_sww_pjb"><resourceid appid="concept_tmd_sww_pjb" class="- topic/resourceid " oxy-source="topic"/><navtitle class="- topic/navtitle ">Introduction</navtitle><?ditaot gentext?><linktext class="- map/linktext ">Introduction</linktext><?ditaot genshortdesc?><shortdesc class="- map/shortdesc "/></topicmeta></topicref>
    <topicref xmlns:dita-ot="http://dita-ot.sourceforge.net/ns/201007/dita-ot" class="- map/topicref " first_topic_id="#unique_2" href="#unique_2" id="unique_2" ohref="getting_started.dita" type="concept" xtrc="topicref:2;6:44" xtrf="file:/C:/Users/jfigueroa38/Documents/GitHub/TCOM-3070-User-Assistance/shopify_final_assignment.ditamap"><topicmeta class="- map/topicmeta " data-topic-id="getting_started"><resourceid appid="getting_started" class="- topic/resourceid " oxy-source="topic"/><navtitle class="- topic/navtitle ">Getting Started</navtitle><?ditaot gentext?><linktext class="- map/linktext ">Getting Started</linktext><?ditaot genshortdesc?><shortdesc class="- map/shortdesc "/></topicmeta></topicref>
    <topichead xmlns:dita-ot="http://dita-ot.sourceforge.net/ns/201007/dita-ot" class="+ map/topicref mapgroup-d/topichead " id="d7e36" navtitle="Setting Up - Topic Head" xtrc="topichead:1;7:51" xtrf="file:/C:/Users/jfigueroa38/Documents/GitHub/TCOM-3070-User-Assistance/shopify_final_assignment.ditamap"><topichead class="+ map/topicref mapgroup-d/topichead " id="d7e37" navtitle="Creating a Store" xtrc="topichead:2;8:48" xtrf="file:/C:/Users/jfigueroa38/Documents/GitHub/TCOM-3070-User-Assistance/shopify_final_assignment.ditamap"><topicref class="- map/topicref " first_topic_id="#unique_3" href="#unique_3" id="unique_3" ohref="creating_a_store.dita" type="concept" xtrc="topicref:3;9:53" xtrf="file:/C:/Users/jfigueroa38/Documents/GitHub/TCOM-3070-User-Assistance/shopify_final_assignment.ditamap"><topicmeta class="- map/topicmeta " data-topic-id="creating_a_store_0"><resourceid appid="creating_a_store_0" class="- topic/resourceid " oxy-source="topic"/><navtitle class="- topic/navtitle ">Creating a Store</navtitle><?ditaot gentext?><linktext class="- map/linktext ">Creating a Store</linktext><?ditaot genshortdesc?><shortdesc class="- map/shortdesc "/></topicmeta></topicref><topicref class="- map/topicref " first_topic_id="#unique_4" href="#unique_4" id="unique_4" ohref="setting_up_the_basics.dita" type="task" xtrc="topicref:4;10:58" xtrf="file:/C:/Users/jfigueroa38/Documents/GitHub/TCOM-3070-User-Assistance/shopify_final_assignment.ditamap"><topicmeta class="- map/topicmeta " data-topic-id="setting_up_the_basics"><resourceid appid="setting_up_the_basics" class="- topic/resourceid " oxy-source="topic"/><navtitle class="- topic/navtitle ">Setting up the Basics</navtitle><?ditaot gentext?><linktext class="- map/linktext ">Setting up the Basics</linktext><?ditaot genshortdesc?><shortdesc class="- map/shortdesc "/></topicmeta></topicref><topicref class="- map/topicref " first_topic_id="#unique_5" href="#unique_5" id="unique_5" ohref="adding_store_policies.dita" type="task" xtrc="topicref:5;11:58" xtrf="file:/C:/Users/jfigueroa38/Documents/GitHub/TCOM-3070-User-Assistance/shopify_final_assignment.ditamap"><topicmeta class="- map/topicmeta " data-topic-id="adding_store_policies"><resourceid appid="adding_store_policies" class="- topic/resourceid " oxy-source="topic"/><navtitle class="- topic/navtitle ">Adding Store Policies</navtitle><?ditaot gentext?><linktext class="- map/linktext ">Adding Store Policies</linktext><?ditaot genshortdesc?><shortdesc class="- map/shortdesc ">Policies are important so that your customers know how you handle refunds, privacy, and         terms of service for transactions. Store policies are added on a different webpage, but         will be displayed as links at the bottom of the customer checkout page for your store.         This requires 2 separate browser tabs to be open.</shortdesc></topicmeta></topicref><topichead class="+ map/topicref mapgroup-d/topichead " id="d7e69" navtitle="Adding and Organizing Products" xtrc="topichead:3;12:66" xtrf="file:/C:/Users/jfigueroa38/Documents/GitHub/TCOM-3070-User-Assistance/shopify_final_assignment.ditamap"><topicref class="- map/topicref " first_topic_id="#unique_6" href="#unique_6" id="unique_6" ohref="adding_products.dita" type="task" xtrc="topicref:6;13:56" xtrf="file:/C:/Users/jfigueroa38/Documents/GitHub/TCOM-3070-User-Assistance/shopify_final_assignment.ditamap"><topicmeta class="- map/topicmeta " data-topic-id="adding_products"><resourceid appid="adding_products" class="- topic/resourceid " oxy-source="topic"/><navtitle class="- topic/navtitle ">Adding Products</navtitle><?ditaot gentext?><linktext class="- map/linktext ">Adding Products</linktext><?ditaot genshortdesc?><shortdesc class="- map/shortdesc "/></topicmeta></topicref><topicref class="- map/topicref " first_topic_id="#unique_7" href="#unique_7" id="unique_7" ohref="organizing_products.dita" type="task" xtrc="topicref:7;14:60" xtrf="file:/C:/Users/jfigueroa38/Documents/GitHub/TCOM-3070-User-Assistance/shopify_final_assignment.ditamap"><topicmeta class="- map/topicmeta " data-topic-id="organizing_products"><resourceid appid="organizing_products" class="- topic/resourceid " oxy-source="topic"/><navtitle class="- topic/navtitle ">Organizing Products</navtitle><?ditaot gentext?><linktext class="- map/linktext ">Organizing Products</linktext><?ditaot genshortdesc?><shortdesc class="- map/shortdesc ">Shopify allows you to create product collections to organize your products however you’d like through the use of collections. Examples of categories:         Clothes for men, women, or children         Items on sale         Items of a certain type, size or color         Seasonal products     </shortdesc></topicmeta></topicref></topichead><topicref class="- map/topicref " href="customizing_theme.dita" id="" ohref="customizing_theme.dita" xtrc="topicref:8;16:54" xtrf="file:/C:/Users/jfigueroa38/Documents/GitHub/TCOM-3070-User-Assistance/shopify_final_assignment.ditamap"><topicmeta class="- map/topicmeta " data-topic-id=""><resourceid appid="" class="- topic/resourceid " oxy-source="topic"/></topicmeta></topicref></topichead><topichead class="+ map/topicref mapgroup-d/topichead " id="d7e94" navtitle="Completing your Profile" xtrc="topichead:4;18:56" xtrf="file:/C:/Users/jfigueroa38/Documents/GitHub/TCOM-3070-User-Assistance/shopify_final_assignment.ditamap"/></topichead>
    <topichead xmlns:dita-ot="http://dita-ot.sourceforge.net/ns/201007/dita-ot" class="+ map/topicref mapgroup-d/topichead " id="d7e96" navtitle="Domains" xtrc="topichead:5;20:35" xtrf="file:/C:/Users/jfigueroa38/Documents/GitHub/TCOM-3070-User-Assistance/shopify_final_assignment.ditamap"><topichead class="+ map/topicref mapgroup-d/topichead " id="d7e97" navtitle="Adding a Domain" xtrc="topichead:6;21:47" xtrf="file:/C:/Users/jfigueroa38/Documents/GitHub/TCOM-3070-User-Assistance/shopify_final_assignment.ditamap"><topicref class="- map/topicref " first_topic_id="#unique_8" href="#unique_8" id="unique_8" ohref="domain_through_shopify.dita" type="task" xtrc="topicref:9;22:59" xtrf="file:/C:/Users/jfigueroa38/Documents/GitHub/TCOM-3070-User-Assistance/shopify_final_assignment.ditamap"><topicmeta class="- map/topicmeta " data-topic-id="domain_through_shopify"><resourceid appid="domain_through_shopify" class="- topic/resourceid " oxy-source="topic"/><navtitle class="- topic/navtitle ">Domain Through Shopify</navtitle><?ditaot gentext?><linktext class="- map/linktext ">Domain Through Shopify</linktext><?ditaot genshortdesc?><shortdesc class="- map/shortdesc ">Shopify has the ability to host your online store through either a third-party domain or one that’s been bought from us.</shortdesc></topicmeta></topicref><topicref class="- map/topicref " href="add_existing_domain.dita" id="" ohref="add_existing_domain.dita" xtrc="topicref:10;23:56" xtrf="file:/C:/Users/jfigueroa38/Documents/GitHub/TCOM-3070-User-Assistance/shopify_final_assignment.ditamap"><topicmeta class="- map/topicmeta " data-topic-id=""><resourceid appid="" class="- topic/resourceid " oxy-source="topic"/></topicmeta></topicref><topicref class="- map/topicref " first_topic_id="#unique_9" href="#unique_9" id="unique_9" ohref="verify_shopify_connection.dita" type="task" xtrc="topicref:11;24:62" xtrf="file:/C:/Users/jfigueroa38/Documents/GitHub/TCOM-3070-User-Assistance/shopify_final_assignment.ditamap"><topicmeta class="- map/topicmeta " data-topic-id="verify_shopify_connection"><resourceid appid="verify_shopify_connection" class="- topic/resourceid " oxy-source="topic"/><navtitle class="- topic/navtitle ">Verify Shopify Connection</navtitle><?ditaot gentext?><linktext class="- map/linktext ">Verify Shopify Connection</linktext><?ditaot genshortdesc?><shortdesc class="- map/shortdesc "/></topicmeta></topicref></topichead><topichead class="+ map/topicref mapgroup-d/topichead " id="d7e122" navtitle="Managing a Domain" xtrc="topichead:7;26:49" xtrf="file:/C:/Users/jfigueroa38/Documents/GitHub/TCOM-3070-User-Assistance/shopify_final_assignment.ditamap"><topicref class="- map/topicref " first_topic_id="#unique_10" href="#unique_10" id="unique_10" ohref="set_your_primary_domain.dita" type="task" xtrc="topicref:12;27:60" xtrf="file:/C:/Users/jfigueroa38/Documents/GitHub/TCOM-3070-User-Assistance/shopify_final_assignment.ditamap"><topicmeta class="- map/topicmeta " data-topic-id="set_your_primary_domain"><resourceid appid="set_your_primary_domain" class="- topic/resourceid " oxy-source="topic"/><navtitle class="- topic/navtitle ">Set your primary domain</navtitle><?ditaot gentext?><linktext class="- map/linktext ">Set your primary domain</linktext><?ditaot genshortdesc?><shortdesc class="- map/shortdesc ">The primary domain of your storefront is the domain name that customers see in the browser’s address bar.</shortdesc></topicmeta></topicref><topicref class="- map/topicref " first_topic_id="#unique_11" href="#unique_11" id="unique_11" ohref="remove_a_third_party_domain.dita" type="task" xtrc="topicref:13;28:64" xtrf="file:/C:/Users/jfigueroa38/Documents/GitHub/TCOM-3070-User-Assistance/shopify_final_assignment.ditamap"><topicmeta class="- map/topicmeta " data-topic-id="remove_a_third_party_domain"><resourceid appid="remove_a_third_party_domain" class="- topic/resourceid " oxy-source="topic"/><navtitle class="- topic/navtitle ">Remove a third-party domain</navtitle><?ditaot gentext?><linktext class="- map/linktext ">Remove a third-party domain</linktext><?ditaot genshortdesc?><shortdesc class="- map/shortdesc "/></topicmeta></topicref><topicref class="- map/topicref " first_topic_id="#unique_12" href="#unique_12" id="unique_12" ohref="remove_shopify_domain.dita" type="task" xtrc="topicref:14;29:58" xtrf="file:/C:/Users/jfigueroa38/Documents/GitHub/TCOM-3070-User-Assistance/shopify_final_assignment.ditamap"><topicmeta class="- map/topicmeta " data-topic-id="remove_shopify_domain"><resourceid appid="remove_shopify_domain" class="- topic/resourceid " oxy-source="topic"/><navtitle class="- topic/navtitle ">Remove Shopify Domain</navtitle><?ditaot gentext?><linktext class="- map/linktext ">Remove Shopify Domain</linktext><?ditaot genshortdesc?><shortdesc class="- map/shortdesc "/></topicmeta></topicref></topichead></topichead>
    <topichead xmlns:dita-ot="http://dita-ot.sourceforge.net/ns/201007/dita-ot" class="+ map/topicref mapgroup-d/topichead " id="d7e156" navtitle="Selling Products" xtrc="topichead:8;32:44" xtrf="file:/C:/Users/jfigueroa38/Documents/GitHub/TCOM-3070-User-Assistance/shopify_final_assignment.ditamap"><topicref class="- map/topicref " first_topic_id="#unique_13" href="#unique_13" id="unique_13" ohref="selling_in_person.dita" type="concept" xtrc="topicref:15;33:50" xtrf="file:/C:/Users/jfigueroa38/Documents/GitHub/TCOM-3070-User-Assistance/shopify_final_assignment.ditamap"><topicmeta class="- map/topicmeta " data-topic-id="selling_in_person"><resourceid appid="selling_in_person" class="- topic/resourceid " oxy-source="topic"/><navtitle class="- topic/navtitle ">Selling in Person</navtitle><?ditaot gentext?><linktext class="- map/linktext ">Selling in Person</linktext><?ditaot genshortdesc?><shortdesc class="- map/shortdesc "/></topicmeta></topicref><topicref class="- map/topicref " first_topic_id="#unique_14" href="#unique_14" id="unique_14" ohref="selling_online.dita" type="concept" xtrc="topicref:16;34:47" xtrf="file:/C:/Users/jfigueroa38/Documents/GitHub/TCOM-3070-User-Assistance/shopify_final_assignment.ditamap"><topicmeta class="- map/topicmeta " data-topic-id="selling_online"><resourceid appid="selling_online" class="- topic/resourceid " oxy-source="topic"/><navtitle class="- topic/navtitle ">Selling Online</navtitle><?ditaot gentext?><linktext class="- map/linktext ">Selling Online</linktext><?ditaot genshortdesc?><shortdesc class="- map/shortdesc "/></topicmeta></topicref></topichead>
    <topichead xmlns:dita-ot="http://dita-ot.sourceforge.net/ns/201007/dita-ot" class="+ map/topicref mapgroup-d/topichead " id="d7e178" navtitle="Customers" xtrc="topichead:9;36:37" xtrf="file:/C:/Users/jfigueroa38/Documents/GitHub/TCOM-3070-User-Assistance/shopify_final_assignment.ditamap"><topichead class="+ map/topicref mapgroup-d/topichead " id="d7e179" navtitle="Managing Customers" xtrc="topichead:10;37:50" xtrf="file:/C:/Users/jfigueroa38/Documents/GitHub/TCOM-3070-User-Assistance/shopify_final_assignment.ditamap"><topicref class="- map/topicref " first_topic_id="#unique_15" href="#unique_15" id="unique_15" ohref="managing_customers.dita" type="concept" xtrc="topicref:17;38:55" xtrf="file:/C:/Users/jfigueroa38/Documents/GitHub/TCOM-3070-User-Assistance/shopify_final_assignment.ditamap"><topicmeta class="- map/topicmeta " data-topic-id="managing_customers"><resourceid appid="managing_customers" class="- topic/resourceid " oxy-source="topic"/><navtitle class="- topic/navtitle ">Managing Customers</navtitle><?ditaot gentext?><linktext class="- map/linktext ">Managing Customers</linktext><?ditaot genshortdesc?><shortdesc class="- map/shortdesc "/></topicmeta></topicref><topicref class="- map/topicref " first_topic_id="#unique_16" href="#unique_16" id="unique_16" ohref="adding_customers.dita" type="task" xtrc="topicref:18;39:53" xtrf="file:/C:/Users/jfigueroa38/Documents/GitHub/TCOM-3070-User-Assistance/shopify_final_assignment.ditamap"><topicmeta class="- map/topicmeta " data-topic-id="adding_customers"><resourceid appid="adding_customers" class="- topic/resourceid " oxy-source="topic"/><navtitle class="- topic/navtitle ">Adding Customers</navtitle><?ditaot gentext?><linktext class="- map/linktext ">Adding Customers</linktext><?ditaot genshortdesc?><shortdesc class="- map/shortdesc "/></topicmeta></topicref><topicref class="- map/topicref " first_topic_id="#unique_17" href="#unique_17" id="unique_17" ohref="emailing_customers.dita" type="task" xtrc="topicref:19;40:55" xtrf="file:/C:/Users/jfigueroa38/Documents/GitHub/TCOM-3070-User-Assistance/shopify_final_assignment.ditamap"><topicmeta class="- map/topicmeta " data-topic-id="emailing_customers"><resourceid appid="emailing_customers" class="- topic/resourceid " oxy-source="topic"/><navtitle class="- topic/navtitle ">Emailing Customers</navtitle><?ditaot gentext?><linktext class="- map/linktext ">Emailing Customers</linktext><?ditaot genshortdesc?><shortdesc class="- map/shortdesc "/></topicmeta></topicref></topichead><topichead class="+ map/topicref mapgroup-d/topichead " id="d7e210" navtitle="Editing Customer Information" xtrc="topichead:11;42:60" xtrf="file:/C:/Users/jfigueroa38/Documents/GitHub/TCOM-3070-User-Assistance/shopify_final_assignment.ditamap"><topicref class="- map/topicref " first_topic_id="#unique_18" href="#unique_18" id="unique_18" ohref="edit_customers.dita" type="concept" xtrc="topicref:20;43:51" xtrf="file:/C:/Users/jfigueroa38/Documents/GitHub/TCOM-3070-User-Assistance/shopify_final_assignment.ditamap"><topicmeta class="- map/topicmeta " data-topic-id="untitled24"><resourceid appid="untitled24" class="- topic/resourceid " oxy-source="topic"/><navtitle class="- topic/navtitle ">Edit Customers</navtitle><?ditaot gentext?><linktext class="- map/linktext ">Edit Customers</linktext><?ditaot genshortdesc?><shortdesc class="- map/shortdesc "/></topicmeta></topicref><topicref class="- map/topicref " href="untitled25.dita" id="" ohref="untitled25.dita" xtrc="topicref:21;44:47" xtrf="file:/C:/Users/jfigueroa38/Documents/GitHub/TCOM-3070-User-Assistance/shopify_final_assignment.ditamap"><topicmeta class="- map/topicmeta " data-topic-id=""><resourceid appid="" class="- topic/resourceid " oxy-source="topic"/></topicmeta></topicref><topicref class="- map/topicref " first_topic_id="#unique_19" href="#unique_19" id="unique_19" ohref="edit_customers_address.dita" type="task" xtrc="topicref:22;45:59" xtrf="file:/C:/Users/jfigueroa38/Documents/GitHub/TCOM-3070-User-Assistance/shopify_final_assignment.ditamap"><topicmeta class="- map/topicmeta " data-topic-id="edit_customers_address"><resourceid appid="edit_customers_address" class="- topic/resourceid " oxy-source="topic"/><navtitle class="- topic/navtitle ">Edit Customers Address</navtitle><?ditaot gentext?><linktext class="- map/linktext ">Edit Customers Address</linktext><?ditaot genshortdesc?><shortdesc class="- map/shortdesc "/></topicmeta></topicref><topicref class="- map/topicref " first_topic_id="#unique_20" href="#unique_20" id="unique_20" ohref="edit_customer_s_tag.dita" type="task" xtrc="topicref:23;46:56" xtrf="file:/C:/Users/jfigueroa38/Documents/GitHub/TCOM-3070-User-Assistance/shopify_final_assignment.ditamap"><topicmeta class="- map/topicmeta " data-topic-id="edit_customer_s_tag"><resourceid appid="edit_customer_s_tag" class="- topic/resourceid " oxy-source="topic"/><navtitle class="- topic/navtitle ">Edit Customer's Tag</navtitle><?ditaot gentext?><linktext class="- map/linktext ">Edit Customer's Tag</linktext><?ditaot genshortdesc?><shortdesc class="- map/shortdesc "/></topicmeta></topicref></topichead></topichead>
    <topichead xmlns:dita-ot="http://dita-ot.sourceforge.net/ns/201007/dita-ot" class="+ map/topicref mapgroup-d/topichead " id="d7e245" navtitle="Orders" xtrc="topichead:12;49:35" xtrf="file:/C:/Users/jfigueroa38/Documents/GitHub/TCOM-3070-User-Assistance/shopify_final_assignment.ditamap"/>
    <topichead xmlns:dita-ot="http://dita-ot.sourceforge.net/ns/201007/dita-ot" class="+ map/topicref mapgroup-d/topichead " id="d7e247" navtitle="Transactions" xtrc="topichead:13;50:41" xtrf="file:/C:/Users/jfigueroa38/Documents/GitHub/TCOM-3070-User-Assistance/shopify_final_assignment.ditamap"/>
    <topichead xmlns:dita-ot="http://dita-ot.sourceforge.net/ns/201007/dita-ot" class="+ map/topicref mapgroup-d/topichead " id="d7e249" navtitle="Analytics" xtrc="topichead:14;51:38" xtrf="file:/C:/Users/jfigueroa38/Documents/GitHub/TCOM-3070-User-Assistance/shopify_final_assignment.ditamap"/>
    <topichead xmlns:dita-ot="http://dita-ot.sourceforge.net/ns/201007/dita-ot" class="+ map/topicref mapgroup-d/topichead " id="d7e251" navtitle="Troubleshooting" xtrc="topichead:15;52:44" xtrf="file:/C:/Users/jfigueroa38/Documents/GitHub/TCOM-3070-User-Assistance/shopify_final_assignment.ditamap"/>
    <topichead xmlns:dita-ot="http://dita-ot.sourceforge.net/ns/201007/dita-ot" class="+ map/topicref mapgroup-d/topichead " id="d7e254" navtitle="Glossary" xtrc="topichead:16;53:36" xtrf="file:/C:/Users/jfigueroa38/Documents/GitHub/TCOM-3070-User-Assistance/shopify_final_assignment.ditamap"><topicref class="- map/topicref " first_topic_id="#unique_21" href="#unique_21" id="unique_21" ohref="Glossary.dita" type="reference" xtrc="topicref:24;54:41" xtrf="file:/C:/Users/jfigueroa38/Documents/GitHub/TCOM-3070-User-Assistance/shopify_final_assignment.ditamap"><topicmeta class="- map/topicmeta " data-topic-id="reference_nfc_2kj_sjb"><resourceid appid="reference_nfc_2kj_sjb" class="- topic/resourceid " oxy-source="topic"/><navtitle class="- topic/navtitle ">Glossary</navtitle><?ditaot gentext?><linktext class="- map/linktext ">Glossary</linktext><?ditaot genshortdesc?><shortdesc class="- map/shortdesc ">Glossary</shortdesc></topicmeta></topicref></topichead>
</opentopic:map><concept xmlns:dita-ot="http://dita-ot.sourceforge.net/ns/201007/dita-ot" class="- topic/topic concept/concept " ditaarch:DITAArchVersion="1.3" domains="(topic concept) (topic abbrev-d) a(props deliveryTarget) (topic equation-d) (topic hazard-d) (topic hi-d) (topic indexing-d) (topic markup-d) (topic mathml-d) (topic pr-d) (topic relmgmt-d) (topic sw-d) (topic svg-d) (topic ui-d) (topic ut-d) (topic markup-d xml-d)" id="unique_1" oid="concept_tmd_sww_pjb" xtrc="concept:1;3:35" xtrf="file:/C:/Users/jfigueroa38/Documents/GitHub/TCOM-3070-User-Assistance/introduction.dita">
    <title class="- topic/title " xtrc="title:1;4:12" xtrf="file:/C:/Users/jfigueroa38/Documents/GitHub/TCOM-3070-User-Assistance/introduction.dita">Introduction</title>
    <shortdesc class="- topic/shortdesc " xtrc="shortdesc:1;5:16" xtrf="file:/C:/Users/jfigueroa38/Documents/GitHub/TCOM-3070-User-Assistance/introduction.dita"/>
    <conbody class="- topic/body  concept/conbody " xtrc="conbody:1;6:14" xtrf="file:/C:/Users/jfigueroa38/Documents/GitHub/TCOM-3070-User-Assistance/introduction.dita">
        <p class="- topic/p " xtrc="p:1;7:12" xtrf="file:/C:/Users/jfigueroa38/Documents/GitHub/TCOM-3070-User-Assistance/introduction.dita">
            <div class="- topic/div " xtrc="div:1;8:18" xtrf="file:/C:/Users/jfigueroa38/Documents/GitHub/TCOM-3070-User-Assistance/introduction.dita"><p class="- topic/p " dir="ltr" id="unique_1_Connect_42_docs-internal-guid-a8013ec0-7fff-f906-1a5f-52b32c3d6c27" xtrc="p:2;8:92" xtrf="file:/C:/Users/jfigueroa38/Documents/GitHub/TCOM-3070-User-Assistance/introduction.dita">Welcome
                    to Shopify! </p><p class="- topic/p " dir="ltr" xtrc="p:3;9:50" xtrf="file:/C:/Users/jfigueroa38/Documents/GitHub/TCOM-3070-User-Assistance/introduction.dita">In this guide, you’ll learn the basics of opening,
                    customizing and managing your new online store. Shopify provides you with a
                    variety of tools to make your venture into your business easy and
                    customizable.</p><p class="- topic/p " dir="ltr" xtrc="p:4;12:51" xtrf="file:/C:/Users/jfigueroa38/Documents/GitHub/TCOM-3070-User-Assistance/introduction.dita"><b class="+ topic/ph hi-d/b " xtrc="b:1;12:54" xtrf="file:/C:/Users/jfigueroa38/Documents/GitHub/TCOM-3070-User-Assistance/introduction.dita">The Pricing Plans</b></p>Shopify offers
                different pricing plans based on your individual needs as an entrepreneur. Detailed
                below are what each plan offers. <xref class="- topic/xref " format="html" href="https://www.shopify.com/pricing" scope="external" xtrc="xref:1;16:18" xtrf="file:/C:/Users/jfigueroa38/Documents/GitHub/TCOM-3070-User-Assistance/introduction.dita"><?ditaot usertext?><u class="+ topic/ph hi-d/u " xtrc="u:1;16:21" xtrf="file:/C:/Users/jfigueroa38/Documents/GitHub/TCOM-3070-User-Assistance/introduction.dita">https://www.shopify.com/pricing</u></xref></div>
        </p>
    </conbody>
</concept><concept xmlns:dita-ot="http://dita-ot.sourceforge.net/ns/201007/dita-ot" class="- topic/topic concept/concept " ditaarch:DITAArchVersion="1.3" domains="(topic concept) (topic abbrev-d) a(props deliveryTarget) (topic equation-d) (topic hazard-d) (topic hi-d) (topic indexing-d) (topic markup-d) (topic mathml-d) (topic pr-d) (topic relmgmt-d) (topic sw-d) (topic svg-d) (topic ui-d) (topic ut-d) (topic markup-d xml-d)" id="unique_2" oid="getting_started" xtrc="concept:1;3:31" xtrf="file:/C:/Users/jfigueroa38/Documents/GitHub/TCOM-3070-User-Assistance/getting_started.dita">
    <title class="- topic/title " xtrc="title:1;4:12" xtrf="file:/C:/Users/jfigueroa38/Documents/GitHub/TCOM-3070-User-Assistance/getting_started.dita">Getting Started</title>
    <shortdesc class="- topic/shortdesc " xtrc="shortdesc:1;5:16" xtrf="file:/C:/Users/jfigueroa38/Documents/GitHub/TCOM-3070-User-Assistance/getting_started.dita"/>
    <conbody class="- topic/body  concept/conbody " xtrc="conbody:1;6:14" xtrf="file:/C:/Users/jfigueroa38/Documents/GitHub/TCOM-3070-User-Assistance/getting_started.dita">
        <p class="- topic/p " xtrc="p:1;7:12" xtrf="file:/C:/Users/jfigueroa38/Documents/GitHub/TCOM-3070-User-Assistance/getting_started.dita"/>
    </conbody>
</concept><topic xmlns:ot-placeholder="http://suite-sol.com/namespaces/ot-placeholder" class="+ topic/topic pdf2-d/placeholder " id="d7e36"><title class="- topic/title ">Setting Up - Topic Head</title><topic class="+ topic/topic pdf2-d/placeholder " id="d7e37"><title class="- topic/title ">Creating a Store</title><concept class="- topic/topic concept/concept " ditaarch:DITAArchVersion="1.3" domains="(topic concept) (topic abbrev-d) a(props deliveryTarget) (topic equation-d) (topic hazard-d) (topic hi-d) (topic indexing-d) (topic markup-d) (topic mathml-d) (topic pr-d) (topic relmgmt-d) (topic sw-d) (topic svg-d) (topic ui-d) (topic ut-d) (topic markup-d xml-d)" id="unique_3" oid="creating_a_store_0" xtrc="concept:1;3:34" xtrf="file:/C:/Users/jfigueroa38/Documents/GitHub/TCOM-3070-User-Assistance/creating_a_store.dita">
    <title class="- topic/title " xtrc="title:1;4:12" xtrf="file:/C:/Users/jfigueroa38/Documents/GitHub/TCOM-3070-User-Assistance/creating_a_store.dita">Creating a Store</title>
    <shortdesc class="- topic/shortdesc " xtrc="shortdesc:1;5:16" xtrf="file:/C:/Users/jfigueroa38/Documents/GitHub/TCOM-3070-User-Assistance/creating_a_store.dita"/>
    <conbody class="- topic/body  concept/conbody " xtrc="conbody:1;6:14" xtrf="file:/C:/Users/jfigueroa38/Documents/GitHub/TCOM-3070-User-Assistance/creating_a_store.dita">
        <p class="- topic/p " xtrc="p:1;7:12" xtrf="file:/C:/Users/jfigueroa38/Documents/GitHub/TCOM-3070-User-Assistance/creating_a_store.dita">To begin selling, you have to have an existing store. These steps will give you the
            basics on how to properly set up all the components of your store.</p>
    </conbody>
</concept><task class="- topic/topic task/task " ditaarch:DITAArchVersion="1.3" domains="(topic task) (topic abbrev-d) a(props deliveryTarget) (topic equation-d) (topic hazard-d) (topic hi-d) (topic indexing-d) (topic markup-d) (topic mathml-d) (topic pr-d) (topic relmgmt-d) (topic sw-d) (topic svg-d) (topic ui-d) (topic ut-d) (topic markup-d xml-d) (topic task strictTaskbody-c)" id="unique_4" oid="setting_up_the_basics" xtrc="task:1;3:34" xtrf="file:/C:/Users/jfigueroa38/Documents/GitHub/TCOM-3070-User-Assistance/setting_up_the_basics.dita">
    <title class="- topic/title " xtrc="title:1;4:12" xtrf="file:/C:/Users/jfigueroa38/Documents/GitHub/TCOM-3070-User-Assistance/setting_up_the_basics.dita">Setting up the Basics</title>
    <shortdesc class="- topic/shortdesc " xtrc="shortdesc:1;5:16" xtrf="file:/C:/Users/jfigueroa38/Documents/GitHub/TCOM-3070-User-Assistance/setting_up_the_basics.dita"/>
    <taskbody class="- topic/body task/taskbody " xtrc="taskbody:1;6:15" xtrf="file:/C:/Users/jfigueroa38/Documents/GitHub/TCOM-3070-User-Assistance/setting_up_the_basics.dita">
        <steps class="- topic/ol task/steps " xtrc="steps:1;7:16" xtrf="file:/C:/Users/jfigueroa38/Documents/GitHub/TCOM-3070-User-Assistance/setting_up_the_basics.dita">
            <step class="- topic/li task/step " xtrc="step:1;8:19" xtrf="file:/C:/Users/jfigueroa38/Documents/GitHub/TCOM-3070-User-Assistance/setting_up_the_basics.dita">
                <cmd class="- topic/ph task/cmd " xtrc="cmd:1;9:22" xtrf="file:/C:/Users/jfigueroa38/Documents/GitHub/TCOM-3070-User-Assistance/setting_up_the_basics.dita">From the Shopify Admin page, go to <b class="+ topic/ph hi-d/b " xtrc="b:1;9:60" xtrf="file:/C:/Users/jfigueroa38/Documents/GitHub/TCOM-3070-User-Assistance/setting_up_the_basics.dita">Settings</b>.</cmd>
            </step>
            
            <step class="- topic/li task/step " xtrc="step:2;12:19" xtrf="file:/C:/Users/jfigueroa38/Documents/GitHub/TCOM-3070-User-Assistance/setting_up_the_basics.dita">
                <cmd class="- topic/ph task/cmd " xtrc="cmd:2;13:22" xtrf="file:/C:/Users/jfigueroa38/Documents/GitHub/TCOM-3070-User-Assistance/setting_up_the_basics.dita">Click <b class="+ topic/ph hi-d/b " xtrc="b:2;13:31" xtrf="file:/C:/Users/jfigueroa38/Documents/GitHub/TCOM-3070-User-Assistance/setting_up_the_basics.dita">General</b>.</cmd>
            </step>
            
            <step class="- topic/li task/step " xtrc="step:3;16:19" xtrf="file:/C:/Users/jfigueroa38/Documents/GitHub/TCOM-3070-User-Assistance/setting_up_the_basics.dita">
                <cmd class="- topic/ph task/cmd " xtrc="cmd:3;17:22" xtrf="file:/C:/Users/jfigueroa38/Documents/GitHub/TCOM-3070-User-Assistance/setting_up_the_basics.dita">Locate the <b class="+ topic/ph hi-d/b " xtrc="b:3;17:36" xtrf="file:/C:/Users/jfigueroa38/Documents/GitHub/TCOM-3070-User-Assistance/setting_up_the_basics.dita">Store Details </b>section and fill in all the necessary information.</cmd>
            </step>
            
            <step class="- topic/li task/step " xtrc="step:4;20:19" xtrf="file:/C:/Users/jfigueroa38/Documents/GitHub/TCOM-3070-User-Assistance/setting_up_the_basics.dita">
                <cmd class="- topic/ph task/cmd " xtrc="cmd:4;21:22" xtrf="file:/C:/Users/jfigueroa38/Documents/GitHub/TCOM-3070-User-Assistance/setting_up_the_basics.dita">Click <b class="+ topic/ph hi-d/b " xtrc="b:4;21:31" xtrf="file:/C:/Users/jfigueroa38/Documents/GitHub/TCOM-3070-User-Assistance/setting_up_the_basics.dita">Save</b>.</cmd>
            </step>
        </steps>

    </taskbody>
</task><task class="- topic/topic task/task " ditaarch:DITAArchVersion="1.3" domains="(topic task) (topic abbrev-d) a(props deliveryTarget) (topic equation-d) (topic hazard-d) (topic hi-d) (topic indexing-d) (topic markup-d) (topic mathml-d) (topic pr-d) (topic relmgmt-d) (topic sw-d) (topic svg-d) (topic ui-d) (topic ut-d) (topic markup-d xml-d) (topic task strictTaskbody-c)" id="unique_5" oid="adding_store_policies" xtrc="task:1;3:34" xtrf="file:/C:/Users/jfigueroa38/Documents/GitHub/TCOM-3070-User-Assistance/adding_store_policies.dita">
    <title class="- topic/title " xtrc="title:1;4:12" xtrf="file:/C:/Users/jfigueroa38/Documents/GitHub/TCOM-3070-User-Assistance/adding_store_policies.dita">Adding Store Policies</title>
    <shortdesc class="- topic/shortdesc " xtrc="shortdesc:1;5:16" xtrf="file:/C:/Users/jfigueroa38/Documents/GitHub/TCOM-3070-User-Assistance/adding_store_policies.dita">Policies are important so that your customers know how you handle refunds, privacy, and
        terms of service for transactions. Store policies are added on a different webpage, but
        will be displayed as links at the bottom of the customer checkout page for your store.
        This requires 2 separate browser tabs to be open.</shortdesc>
    <taskbody class="- topic/body task/taskbody " xtrc="taskbody:1;9:15" xtrf="file:/C:/Users/jfigueroa38/Documents/GitHub/TCOM-3070-User-Assistance/adding_store_policies.dita">
        <steps class="- topic/ol task/steps " xtrc="steps:1;10:16" xtrf="file:/C:/Users/jfigueroa38/Documents/GitHub/TCOM-3070-User-Assistance/adding_store_policies.dita">
            <step class="- topic/li task/step " xtrc="step:1;11:19" xtrf="file:/C:/Users/jfigueroa38/Documents/GitHub/TCOM-3070-User-Assistance/adding_store_policies.dita">
                <cmd class="- topic/ph task/cmd " xtrc="cmd:1;12:22" xtrf="file:/C:/Users/jfigueroa38/Documents/GitHub/TCOM-3070-User-Assistance/adding_store_policies.dita">In your Pages page, click Create a New Page</cmd>
            </step>
            <step class="- topic/li task/step " xtrc="step:2;14:19" xtrf="file:/C:/Users/jfigueroa38/Documents/GitHub/TCOM-3070-User-Assistance/adding_store_policies.dita">
                <cmd class="- topic/ph task/cmd " xtrc="cmd:2;15:22" xtrf="file:/C:/Users/jfigueroa38/Documents/GitHub/TCOM-3070-User-Assistance/adding_store_policies.dita">In a separate tab, access your store checkout settings. Copy each policy to your computers’ clipboard.</cmd>
            </step>
            
            <step class="- topic/li task/step " xtrc="step:3;18:19" xtrf="file:/C:/Users/jfigueroa38/Documents/GitHub/TCOM-3070-User-Assistance/adding_store_policies.dita">
                <cmd class="- topic/ph task/cmd " xtrc="cmd:3;19:22" xtrf="file:/C:/Users/jfigueroa38/Documents/GitHub/TCOM-3070-User-Assistance/adding_store_policies.dita">Back to the first page, paste the clipboard contents. Then click Save Page.</cmd>
            </step>
            
            <step class="- topic/li task/step " xtrc="step:4;22:19" xtrf="file:/C:/Users/jfigueroa38/Documents/GitHub/TCOM-3070-User-Assistance/adding_store_policies.dita">
                <cmd class="- topic/ph task/cmd " xtrc="cmd:4;23:22" xtrf="file:/C:/Users/jfigueroa38/Documents/GitHub/TCOM-3070-User-Assistance/adding_store_policies.dita">Add a link to the policies page so your customers can easily find it.</cmd>
            </step>
        </steps>
    </taskbody>
</task><topic class="+ topic/topic pdf2-d/placeholder " id="d7e69"><title class="- topic/title ">Adding and Organizing Products</title><task class="- topic/topic task/task " ditaarch:DITAArchVersion="1.3" domains="(topic task) (topic abbrev-d) a(props deliveryTarget) (topic equation-d) (topic hazard-d) (topic hi-d) (topic indexing-d) (topic markup-d) (topic mathml-d) (topic pr-d) (topic relmgmt-d) (topic sw-d) (topic svg-d) (topic ui-d) (topic ut-d) (topic markup-d xml-d) (topic task strictTaskbody-c)" id="unique_6" oid="adding_products" xtrc="task:1;3:28" xtrf="file:/C:/Users/jfigueroa38/Documents/GitHub/TCOM-3070-User-Assistance/adding_products.dita">
    <title class="- topic/title " xtrc="title:1;4:12" xtrf="file:/C:/Users/jfigueroa38/Documents/GitHub/TCOM-3070-User-Assistance/adding_products.dita">Adding Products</title>
    <shortdesc class="- topic/shortdesc " xtrc="shortdesc:1;5:16" xtrf="file:/C:/Users/jfigueroa38/Documents/GitHub/TCOM-3070-User-Assistance/adding_products.dita"/>
    <taskbody class="- topic/body task/taskbody " xtrc="taskbody:1;6:15" xtrf="file:/C:/Users/jfigueroa38/Documents/GitHub/TCOM-3070-User-Assistance/adding_products.dita">
        <context class="- topic/section task/context " xtrc="context:1;7:18" xtrf="file:/C:/Users/jfigueroa38/Documents/GitHub/TCOM-3070-User-Assistance/adding_products.dita">
            <p class="- topic/p " xtrc="p:1;8:16" xtrf="file:/C:/Users/jfigueroa38/Documents/GitHub/TCOM-3070-User-Assistance/adding_products.dita"/>
        </context>
        <steps class="- topic/ol task/steps " xtrc="steps:1;10:16" xtrf="file:/C:/Users/jfigueroa38/Documents/GitHub/TCOM-3070-User-Assistance/adding_products.dita">
            <step class="- topic/li task/step " xtrc="step:1;11:19" xtrf="file:/C:/Users/jfigueroa38/Documents/GitHub/TCOM-3070-User-Assistance/adding_products.dita">
                <cmd class="- topic/ph task/cmd " xtrc="cmd:1;12:22" xtrf="file:/C:/Users/jfigueroa38/Documents/GitHub/TCOM-3070-User-Assistance/adding_products.dita">From the Shopify Admin page, click on the Products tab to go to the Products page.</cmd>
            </step>
            
            <step class="- topic/li task/step " xtrc="step:2;15:19" xtrf="file:/C:/Users/jfigueroa38/Documents/GitHub/TCOM-3070-User-Assistance/adding_products.dita">
                <cmd class="- topic/ph task/cmd " xtrc="cmd:2;16:22" xtrf="file:/C:/Users/jfigueroa38/Documents/GitHub/TCOM-3070-User-Assistance/adding_products.dita">Click Add Product to begin the process of adding in new products.</cmd>
            </step>
            
            <step class="- topic/li task/step " xtrc="step:3;19:19" xtrf="file:/C:/Users/jfigueroa38/Documents/GitHub/TCOM-3070-User-Assistance/adding_products.dita">
                <cmd class="- topic/ph task/cmd " xtrc="cmd:3;20:22" xtrf="file:/C:/Users/jfigueroa38/Documents/GitHub/TCOM-3070-User-Assistance/adding_products.dita">Enter in the details and logistics for your new product. </cmd>
            </step>
        </steps>
    </taskbody>
</task><task class="- topic/topic task/task " ditaarch:DITAArchVersion="1.3" domains="(topic task) (topic abbrev-d) a(props deliveryTarget) (topic equation-d) (topic hazard-d) (topic hi-d) (topic indexing-d) (topic markup-d) (topic mathml-d) (topic pr-d) (topic relmgmt-d) (topic sw-d) (topic svg-d) (topic ui-d) (topic ut-d) (topic markup-d xml-d) (topic task strictTaskbody-c)" id="unique_7" oid="organizing_products" xtrc="task:1;3:32" xtrf="file:/C:/Users/jfigueroa38/Documents/GitHub/TCOM-3070-User-Assistance/organizing_products.dita">
    <title class="- topic/title " xtrc="title:1;4:12" xtrf="file:/C:/Users/jfigueroa38/Documents/GitHub/TCOM-3070-User-Assistance/organizing_products.dita">Organizing Products</title>
    <shortdesc class="- topic/shortdesc " xtrc="shortdesc:1;5:16" xtrf="file:/C:/Users/jfigueroa38/Documents/GitHub/TCOM-3070-User-Assistance/organizing_products.dita">Shopify allows you to create product collections to organize your products however you’d like through the use of collections. Examples of categories:
        Clothes for men, women, or children
        Items on sale
        Items of a certain type, size or color
        Seasonal products
    </shortdesc>
    <taskbody class="- topic/body task/taskbody " xtrc="taskbody:1;11:15" xtrf="file:/C:/Users/jfigueroa38/Documents/GitHub/TCOM-3070-User-Assistance/organizing_products.dita">
        <steps class="- topic/ol task/steps " xtrc="steps:1;12:16" xtrf="file:/C:/Users/jfigueroa38/Documents/GitHub/TCOM-3070-User-Assistance/organizing_products.dita">
            
            <step class="- topic/li task/step " xtrc="step:1;14:19" xtrf="file:/C:/Users/jfigueroa38/Documents/GitHub/TCOM-3070-User-Assistance/organizing_products.dita">
                <cmd class="- topic/ph task/cmd " xtrc="cmd:1;15:22" xtrf="file:/C:/Users/jfigueroa38/Documents/GitHub/TCOM-3070-User-Assistance/organizing_products.dita">From the Collections page, click on Create Collection</cmd>
            </step>
            <step class="- topic/li task/step " xtrc="step:2;17:19" xtrf="file:/C:/Users/jfigueroa38/Documents/GitHub/TCOM-3070-User-Assistance/organizing_products.dita">
                <cmd class="- topic/ph task/cmd " xtrc="cmd:2;18:22" xtrf="file:/C:/Users/jfigueroa38/Documents/GitHub/TCOM-3070-User-Assistance/organizing_products.dita">In the new window, enter a Title and Description for the collection. This is a mandatory step.</cmd>
            </step>
            <step class="- topic/li task/step " xtrc="step:3;20:19" xtrf="file:/C:/Users/jfigueroa38/Documents/GitHub/TCOM-3070-User-Assistance/organizing_products.dita">
                <cmd class="- topic/ph task/cmd " xtrc="cmd:3;21:22" xtrf="file:/C:/Users/jfigueroa38/Documents/GitHub/TCOM-3070-User-Assistance/organizing_products.dita">Under Sales Channels make sure to choose which channels you want the collection to be listed under. (I.E. Shopify online store, Facebook, Amazon, etc.)</cmd>
            </step>
            <step class="- topic/li task/step " xtrc="step:4;23:19" xtrf="file:/C:/Users/jfigueroa38/Documents/GitHub/TCOM-3070-User-Assistance/organizing_products.dita">
                
                <cmd class="- topic/ph task/cmd " xtrc="cmd:4;25:22" xtrf="file:/C:/Users/jfigueroa38/Documents/GitHub/TCOM-3070-User-Assistance/organizing_products.dita">Collections allow you to choose whether products will be added in manually or automatically. This option cannot be changed later.</cmd>
            
                <substeps class="- topic/ol task/substeps " xtrc="substeps:1;27:27" xtrf="file:/C:/Users/jfigueroa38/Documents/GitHub/TCOM-3070-User-Assistance/organizing_products.dita">
                    <substep class="- topic/li task/substep " xtrc="substep:1;28:30" xtrf="file:/C:/Users/jfigueroa38/Documents/GitHub/TCOM-3070-User-Assistance/organizing_products.dita">
                        <cmd class="- topic/ph task/cmd " xtrc="cmd:5;29:30" xtrf="file:/C:/Users/jfigueroa38/Documents/GitHub/TCOM-3070-User-Assistance/organizing_products.dita">If you chose automatically: Add in the selection criteria under Conditions. </cmd>
                    </substep>
                    <substep class="- topic/li task/substep " xtrc="substep:2;31:30" xtrf="file:/C:/Users/jfigueroa38/Documents/GitHub/TCOM-3070-User-Assistance/organizing_products.dita">
                        <cmd class="- topic/ph task/cmd " xtrc="cmd:6;32:30" xtrf="file:/C:/Users/jfigueroa38/Documents/GitHub/TCOM-3070-User-Assistance/organizing_products.dita">If you chose manually: When adding in products manually at a later time, make sure you click Save after adding them. You can add the same product to several different collections.</cmd>
                    </substep>
                </substeps>
            
            </step>
            <step class="- topic/li task/step " xtrc="step:5;37:19" xtrf="file:/C:/Users/jfigueroa38/Documents/GitHub/TCOM-3070-User-Assistance/organizing_products.dita">
                <cmd class="- topic/ph task/cmd " xtrc="cmd:7;38:22" xtrf="file:/C:/Users/jfigueroa38/Documents/GitHub/TCOM-3070-User-Assistance/organizing_products.dita">Click Save Collection</cmd>
            </step>
        </steps>
   
    </taskbody>
</task></topic></topic><topic class="+ topic/topic pdf2-d/placeholder " id="d7e94"><title class="- topic/title ">Completing your Profile</title></topic></topic><topic xmlns:ot-placeholder="http://suite-sol.com/namespaces/ot-placeholder" class="+ topic/topic pdf2-d/placeholder " id="d7e96"><title class="- topic/title ">Domains</title><topic class="+ topic/topic pdf2-d/placeholder " id="d7e97"><title class="- topic/title ">Adding a Domain</title><task class="- topic/topic task/task " ditaarch:DITAArchVersion="1.3" domains="(topic task) (topic abbrev-d) a(props deliveryTarget) (topic equation-d) (topic hazard-d) (topic hi-d) (topic indexing-d) (topic markup-d) (topic mathml-d) (topic pr-d) (topic relmgmt-d) (topic sw-d) (topic svg-d) (topic ui-d) (topic ut-d) (topic markup-d xml-d) (topic task strictTaskbody-c)" id="unique_8" oid="domain_through_shopify" xtrc="task:1;3:35" xtrf="file:/C:/Users/jfigueroa38/Documents/GitHub/TCOM-3070-User-Assistance/domain_through_shopify.dita">
    <title class="- topic/title " xtrc="title:1;4:12" xtrf="file:/C:/Users/jfigueroa38/Documents/GitHub/TCOM-3070-User-Assistance/domain_through_shopify.dita">Domain Through Shopify</title>
    <shortdesc class="- topic/shortdesc " xtrc="shortdesc:1;5:16" xtrf="file:/C:/Users/jfigueroa38/Documents/GitHub/TCOM-3070-User-Assistance/domain_through_shopify.dita">Shopify has the ability to host your online store through either a third-party domain or one that’s been bought from us.</shortdesc>
    <taskbody class="- topic/body task/taskbody " xtrc="taskbody:1;6:15" xtrf="file:/C:/Users/jfigueroa38/Documents/GitHub/TCOM-3070-User-Assistance/domain_through_shopify.dita">
        <steps class="- topic/ol task/steps " xtrc="steps:1;7:16" xtrf="file:/C:/Users/jfigueroa38/Documents/GitHub/TCOM-3070-User-Assistance/domain_through_shopify.dita">
            <step class="- topic/li task/step " xtrc="step:1;8:19" xtrf="file:/C:/Users/jfigueroa38/Documents/GitHub/TCOM-3070-User-Assistance/domain_through_shopify.dita">
                <cmd class="- topic/ph task/cmd " xtrc="cmd:1;9:22" xtrf="file:/C:/Users/jfigueroa38/Documents/GitHub/TCOM-3070-User-Assistance/domain_through_shopify.dita">Navigate to the domain purchasing page, on shopify.</cmd>
            </step>
            <step class="- topic/li task/step " xtrc="step:2;11:19" xtrf="file:/C:/Users/jfigueroa38/Documents/GitHub/TCOM-3070-User-Assistance/domain_through_shopify.dita">
                <cmd class="- topic/ph task/cmd " xtrc="cmd:2;12:22" xtrf="file:/C:/Users/jfigueroa38/Documents/GitHub/TCOM-3070-User-Assistance/domain_through_shopify.dita">To see if the domain name you want is available click Domain Search  and type the domain in the text box. Click Generate domains to search.</cmd>
            </step>
            
            <step class="- topic/li task/step " xtrc="step:3;15:19" xtrf="file:/C:/Users/jfigueroa38/Documents/GitHub/TCOM-3070-User-Assistance/domain_through_shopify.dita">
                <cmd class="- topic/ph task/cmd " xtrc="cmd:3;16:22" xtrf="file:/C:/Users/jfigueroa38/Documents/GitHub/TCOM-3070-User-Assistance/domain_through_shopify.dita">If the domain name is available, or an alternative is, choose which one you want, but be sure to look at the yearly price as well, since different domains have different prices.</cmd>
            </step>
            <step class="- topic/li task/step " xtrc="step:4;18:19" xtrf="file:/C:/Users/jfigueroa38/Documents/GitHub/TCOM-3070-User-Assistance/domain_through_shopify.dita">
                <cmd class="- topic/ph task/cmd " xtrc="cmd:4;19:22" xtrf="file:/C:/Users/jfigueroa38/Documents/GitHub/TCOM-3070-User-Assistance/domain_through_shopify.dita">Follow the prompts from there and if fully seen through, you’ll have a new domain for your Shopify shop!</cmd>
            </step>
        </steps>
    </taskbody>
</task><task class="- topic/topic task/task " ditaarch:DITAArchVersion="1.3" domains="(topic task) (topic abbrev-d) a(props deliveryTarget) (topic equation-d) (topic hazard-d) (topic hi-d) (topic indexing-d) (topic markup-d) (topic mathml-d) (topic pr-d) (topic relmgmt-d) (topic sw-d) (topic svg-d) (topic ui-d) (topic ut-d) (topic markup-d xml-d) (topic task strictTaskbody-c)" id="unique_9" oid="verify_shopify_connection" xtrc="task:1;3:38" xtrf="file:/C:/Users/jfigueroa38/Documents/GitHub/TCOM-3070-User-Assistance/verify_shopify_connection.dita">
    <title class="- topic/title " xtrc="title:1;4:12" xtrf="file:/C:/Users/jfigueroa38/Documents/GitHub/TCOM-3070-User-Assistance/verify_shopify_connection.dita">Verify Shopify Connection</title>
    <shortdesc class="- topic/shortdesc " xtrc="shortdesc:1;5:16" xtrf="file:/C:/Users/jfigueroa38/Documents/GitHub/TCOM-3070-User-Assistance/verify_shopify_connection.dita"/>
    <taskbody class="- topic/body task/taskbody " xtrc="taskbody:1;6:15" xtrf="file:/C:/Users/jfigueroa38/Documents/GitHub/TCOM-3070-User-Assistance/verify_shopify_connection.dita">
        <steps class="- topic/ol task/steps " xtrc="steps:1;7:16" xtrf="file:/C:/Users/jfigueroa38/Documents/GitHub/TCOM-3070-User-Assistance/verify_shopify_connection.dita">
            <step class="- topic/li task/step " xtrc="step:1;8:19" xtrf="file:/C:/Users/jfigueroa38/Documents/GitHub/TCOM-3070-User-Assistance/verify_shopify_connection.dita">
                <cmd class="- topic/ph task/cmd " xtrc="cmd:1;9:22" xtrf="file:/C:/Users/jfigueroa38/Documents/GitHub/TCOM-3070-User-Assistance/verify_shopify_connection.dita">From the Shopify Admin page, click Verify connection to verify that your domain has been connected to your store.</cmd>
            </step>
        </steps>
    </taskbody>
</task></topic><topic class="+ topic/topic pdf2-d/placeholder " id="d7e122"><title class="- topic/title ">Managing a Domain</title><task class="- topic/topic task/task " ditaarch:DITAArchVersion="1.3" domains="(topic task) (topic abbrev-d) a(props deliveryTarget) (topic equation-d) (topic hazard-d) (topic hi-d) (topic indexing-d) (topic markup-d) (topic mathml-d) (topic pr-d) (topic relmgmt-d) (topic sw-d) (topic svg-d) (topic ui-d) (topic ut-d) (topic markup-d xml-d) (topic task strictTaskbody-c)" id="unique_10" oid="set_your_primary_domain" xtrc="task:1;3:36" xtrf="file:/C:/Users/jfigueroa38/Documents/GitHub/TCOM-3070-User-Assistance/set_your_primary_domain.dita">
    <title class="- topic/title " xtrc="title:1;4:12" xtrf="file:/C:/Users/jfigueroa38/Documents/GitHub/TCOM-3070-User-Assistance/set_your_primary_domain.dita">Set your primary domain</title>
    <shortdesc class="- topic/shortdesc " xtrc="shortdesc:1;5:16" xtrf="file:/C:/Users/jfigueroa38/Documents/GitHub/TCOM-3070-User-Assistance/set_your_primary_domain.dita">The primary domain of your storefront is the domain name that customers see in the browser’s address bar.</shortdesc>
    <taskbody class="- topic/body task/taskbody " xtrc="taskbody:1;6:15" xtrf="file:/C:/Users/jfigueroa38/Documents/GitHub/TCOM-3070-User-Assistance/set_your_primary_domain.dita">
        <steps class="- topic/ol task/steps " xtrc="steps:1;7:16" xtrf="file:/C:/Users/jfigueroa38/Documents/GitHub/TCOM-3070-User-Assistance/set_your_primary_domain.dita">
            <step class="- topic/li task/step " xtrc="step:1;8:19" xtrf="file:/C:/Users/jfigueroa38/Documents/GitHub/TCOM-3070-User-Assistance/set_your_primary_domain.dita">
                <cmd class="- topic/ph task/cmd " xtrc="cmd:1;9:22" xtrf="file:/C:/Users/jfigueroa38/Documents/GitHub/TCOM-3070-User-Assistance/set_your_primary_domain.dita">From the Shopify Admin page, go to the Online Store &gt; Domains.</cmd>
            </step>
            <step class="- topic/li task/step " xtrc="step:2;11:19" xtrf="file:/C:/Users/jfigueroa38/Documents/GitHub/TCOM-3070-User-Assistance/set_your_primary_domain.dita">
                <cmd class="- topic/ph task/cmd " xtrc="cmd:2;12:22" xtrf="file:/C:/Users/jfigueroa38/Documents/GitHub/TCOM-3070-User-Assistance/set_your_primary_domain.dita">In Primary Domain, click Change primary domain.</cmd>
            </step>
            
            <step class="- topic/li task/step " xtrc="step:3;15:19" xtrf="file:/C:/Users/jfigueroa38/Documents/GitHub/TCOM-3070-User-Assistance/set_your_primary_domain.dita">
                <cmd class="- topic/ph task/cmd " xtrc="cmd:3;16:22" xtrf="file:/C:/Users/jfigueroa38/Documents/GitHub/TCOM-3070-User-Assistance/set_your_primary_domain.dita">Select the domain you would like set as the primary from the prompt.</cmd>
            </step>
            
            <step class="- topic/li task/step " xtrc="step:4;19:19" xtrf="file:/C:/Users/jfigueroa38/Documents/GitHub/TCOM-3070-User-Assistance/set_your_primary_domain.dita">
                <cmd class="- topic/ph task/cmd " xtrc="cmd:4;20:22" xtrf="file:/C:/Users/jfigueroa38/Documents/GitHub/TCOM-3070-User-Assistance/set_your_primary_domain.dita">Click Save.</cmd>
            </step>
        </steps>
    </taskbody>
</task><task class="- topic/topic task/task " ditaarch:DITAArchVersion="1.3" domains="(topic task) (topic abbrev-d) a(props deliveryTarget) (topic equation-d) (topic hazard-d) (topic hi-d) (topic indexing-d) (topic markup-d) (topic mathml-d) (topic pr-d) (topic relmgmt-d) (topic sw-d) (topic svg-d) (topic ui-d) (topic ut-d) (topic markup-d xml-d) (topic task strictTaskbody-c)" id="unique_11" oid="remove_a_third_party_domain" xtrc="task:1;3:40" xtrf="file:/C:/Users/jfigueroa38/Documents/GitHub/TCOM-3070-User-Assistance/remove_a_third_party_domain.dita">
    <title class="- topic/title " xtrc="title:1;4:12" xtrf="file:/C:/Users/jfigueroa38/Documents/GitHub/TCOM-3070-User-Assistance/remove_a_third_party_domain.dita">Remove a third-party domain</title>
    <shortdesc class="- topic/shortdesc " xtrc="shortdesc:1;5:16" xtrf="file:/C:/Users/jfigueroa38/Documents/GitHub/TCOM-3070-User-Assistance/remove_a_third_party_domain.dita"/>
    <taskbody class="- topic/body task/taskbody " xtrc="taskbody:1;6:15" xtrf="file:/C:/Users/jfigueroa38/Documents/GitHub/TCOM-3070-User-Assistance/remove_a_third_party_domain.dita">
        <steps class="- topic/ol task/steps " xtrc="steps:1;7:16" xtrf="file:/C:/Users/jfigueroa38/Documents/GitHub/TCOM-3070-User-Assistance/remove_a_third_party_domain.dita">
            <step class="- topic/li task/step " xtrc="step:1;8:19" xtrf="file:/C:/Users/jfigueroa38/Documents/GitHub/TCOM-3070-User-Assistance/remove_a_third_party_domain.dita">
                <cmd class="- topic/ph task/cmd " xtrc="cmd:1;9:22" xtrf="file:/C:/Users/jfigueroa38/Documents/GitHub/TCOM-3070-User-Assistance/remove_a_third_party_domain.dita">From the Shopify Admin page, go to Online Store &gt; Domains.</cmd>
            </step>
            <step class="- topic/li task/step " xtrc="step:2;11:19" xtrf="file:/C:/Users/jfigueroa38/Documents/GitHub/TCOM-3070-User-Assistance/remove_a_third_party_domain.dita">
                <cmd class="- topic/ph task/cmd " xtrc="cmd:2;12:22" xtrf="file:/C:/Users/jfigueroa38/Documents/GitHub/TCOM-3070-User-Assistance/remove_a_third_party_domain.dita">In Third-party domains, locate the domain you want to remove and click Remove.</cmd>
            </step>
            
            <step class="- topic/li task/step " xtrc="step:3;15:19" xtrf="file:/C:/Users/jfigueroa38/Documents/GitHub/TCOM-3070-User-Assistance/remove_a_third_party_domain.dita">
                <cmd class="- topic/ph task/cmd " xtrc="cmd:3;16:22" xtrf="file:/C:/Users/jfigueroa38/Documents/GitHub/TCOM-3070-User-Assistance/remove_a_third_party_domain.dita">Click Remove again to confirm.</cmd>
            </step>
        </steps>
    </taskbody>
</task><task class="- topic/topic task/task " ditaarch:DITAArchVersion="1.3" domains="(topic task) (topic abbrev-d) a(props deliveryTarget) (topic equation-d) (topic hazard-d) (topic hi-d) (topic indexing-d) (topic markup-d) (topic mathml-d) (topic pr-d) (topic relmgmt-d) (topic sw-d) (topic svg-d) (topic ui-d) (topic ut-d) (topic markup-d xml-d) (topic task strictTaskbody-c)" id="unique_12" oid="remove_shopify_domain" xtrc="task:1;3:34" xtrf="file:/C:/Users/jfigueroa38/Documents/GitHub/TCOM-3070-User-Assistance/remove_shopify_domain.dita">
    <title class="- topic/title " xtrc="title:1;4:12" xtrf="file:/C:/Users/jfigueroa38/Documents/GitHub/TCOM-3070-User-Assistance/remove_shopify_domain.dita">Remove Shopify Domain</title>
    <shortdesc class="- topic/shortdesc " xtrc="shortdesc:1;5:16" xtrf="file:/C:/Users/jfigueroa38/Documents/GitHub/TCOM-3070-User-Assistance/remove_shopify_domain.dita"/>
    <taskbody class="- topic/body task/taskbody " xtrc="taskbody:1;6:15" xtrf="file:/C:/Users/jfigueroa38/Documents/GitHub/TCOM-3070-User-Assistance/remove_shopify_domain.dita"><?To remove a shopify domain, you must contact support to do so.?></taskbody>
</task></topic></topic><topic xmlns:ot-placeholder="http://suite-sol.com/namespaces/ot-placeholder" class="+ topic/topic pdf2-d/placeholder " id="d7e156"><title class="- topic/title ">Selling Products</title><concept class="- topic/topic concept/concept " ditaarch:DITAArchVersion="1.3" domains="(topic concept) (topic abbrev-d) a(props deliveryTarget) (topic equation-d) (topic hazard-d) (topic hi-d) (topic indexing-d) (topic markup-d) (topic mathml-d) (topic pr-d) (topic relmgmt-d) (topic sw-d) (topic svg-d) (topic ui-d) (topic ut-d) (topic markup-d xml-d)" id="unique_13" oid="selling_in_person" xtrc="concept:1;3:33" xtrf="file:/C:/Users/jfigueroa38/Documents/GitHub/TCOM-3070-User-Assistance/selling_in_person.dita">
    <title class="- topic/title " xtrc="title:1;4:12" xtrf="file:/C:/Users/jfigueroa38/Documents/GitHub/TCOM-3070-User-Assistance/selling_in_person.dita">Selling in Person</title>
    <shortdesc class="- topic/shortdesc " xtrc="shortdesc:1;5:16" xtrf="file:/C:/Users/jfigueroa38/Documents/GitHub/TCOM-3070-User-Assistance/selling_in_person.dita"/>
    <conbody class="- topic/body  concept/conbody " xtrc="conbody:1;6:14" xtrf="file:/C:/Users/jfigueroa38/Documents/GitHub/TCOM-3070-User-Assistance/selling_in_person.dita">
        <p class="- topic/p " xtrc="p:1;7:12" xtrf="file:/C:/Users/jfigueroa38/Documents/GitHub/TCOM-3070-User-Assistance/selling_in_person.dita"/>
    </conbody>
</concept><concept class="- topic/topic concept/concept " ditaarch:DITAArchVersion="1.3" domains="(topic concept) (topic abbrev-d) a(props deliveryTarget) (topic equation-d) (topic hazard-d) (topic hi-d) (topic indexing-d) (topic markup-d) (topic mathml-d) (topic pr-d) (topic relmgmt-d) (topic sw-d) (topic svg-d) (topic ui-d) (topic ut-d) (topic markup-d xml-d)" id="unique_14" oid="selling_online" xtrc="concept:1;3:30" xtrf="file:/C:/Users/jfigueroa38/Documents/GitHub/TCOM-3070-User-Assistance/selling_online.dita">
    <title class="- topic/title " xtrc="title:1;4:12" xtrf="file:/C:/Users/jfigueroa38/Documents/GitHub/TCOM-3070-User-Assistance/selling_online.dita">Selling Online</title>
    <shortdesc class="- topic/shortdesc " xtrc="shortdesc:1;5:16" xtrf="file:/C:/Users/jfigueroa38/Documents/GitHub/TCOM-3070-User-Assistance/selling_online.dita"/>
    <conbody class="- topic/body  concept/conbody " xtrc="conbody:1;6:14" xtrf="file:/C:/Users/jfigueroa38/Documents/GitHub/TCOM-3070-User-Assistance/selling_online.dita">
        <p class="- topic/p " xtrc="p:1;7:12" xtrf="file:/C:/Users/jfigueroa38/Documents/GitHub/TCOM-3070-User-Assistance/selling_online.dita"/>
    </conbody>
</concept></topic><topic xmlns:ot-placeholder="http://suite-sol.com/namespaces/ot-placeholder" class="+ topic/topic pdf2-d/placeholder " id="d7e178"><title class="- topic/title ">Customers</title><topic class="+ topic/topic pdf2-d/placeholder " id="d7e179"><title class="- topic/title ">Managing Customers</title><concept class="- topic/topic concept/concept " ditaarch:DITAArchVersion="1.3" domains="(topic concept) (topic abbrev-d) a(props deliveryTarget) (topic equation-d) (topic hazard-d) (topic hi-d) (topic indexing-d) (topic markup-d) (topic mathml-d) (topic pr-d) (topic relmgmt-d) (topic sw-d) (topic svg-d) (topic ui-d) (topic ut-d) (topic markup-d xml-d)" id="unique_15" oid="managing_customers" xtrc="concept:1;3:34" xtrf="file:/C:/Users/jfigueroa38/Documents/GitHub/TCOM-3070-User-Assistance/managing_customers.dita">
    <title class="- topic/title " xtrc="title:1;4:12" xtrf="file:/C:/Users/jfigueroa38/Documents/GitHub/TCOM-3070-User-Assistance/managing_customers.dita">Managing Customers</title>
    <shortdesc class="- topic/shortdesc " xtrc="shortdesc:1;5:16" xtrf="file:/C:/Users/jfigueroa38/Documents/GitHub/TCOM-3070-User-Assistance/managing_customers.dita"/>
    <conbody class="- topic/body  concept/conbody " xtrc="conbody:1;6:14" xtrf="file:/C:/Users/jfigueroa38/Documents/GitHub/TCOM-3070-User-Assistance/managing_customers.dita">
        <p class="- topic/p " xtrc="p:1;7:12" xtrf="file:/C:/Users/jfigueroa38/Documents/GitHub/TCOM-3070-User-Assistance/managing_customers.dita">New customers will have their names and information added to customer lists when they
            place an order in your store, allowing you to email them using their profile
            information. You are also able to add, edit, or delete customer profiles manually in
            certain circumstances. Using this information, you can create a customer group for
            sending emails or discounts to customers.</p>
    </conbody>
</concept><task class="- topic/topic task/task " ditaarch:DITAArchVersion="1.3" domains="(topic task) (topic abbrev-d) a(props deliveryTarget) (topic equation-d) (topic hazard-d) (topic hi-d) (topic indexing-d) (topic markup-d) (topic mathml-d) (topic pr-d) (topic relmgmt-d) (topic sw-d) (topic svg-d) (topic ui-d) (topic ut-d) (topic markup-d xml-d) (topic task strictTaskbody-c)" id="unique_16" oid="adding_customers" xtrc="task:1;3:29" xtrf="file:/C:/Users/jfigueroa38/Documents/GitHub/TCOM-3070-User-Assistance/adding_customers.dita">
    <title class="- topic/title " xtrc="title:1;4:12" xtrf="file:/C:/Users/jfigueroa38/Documents/GitHub/TCOM-3070-User-Assistance/adding_customers.dita">Adding Customers</title>
    <shortdesc class="- topic/shortdesc " xtrc="shortdesc:1;5:16" xtrf="file:/C:/Users/jfigueroa38/Documents/GitHub/TCOM-3070-User-Assistance/adding_customers.dita"/>
    <taskbody class="- topic/body task/taskbody " xtrc="taskbody:1;6:15" xtrf="file:/C:/Users/jfigueroa38/Documents/GitHub/TCOM-3070-User-Assistance/adding_customers.dita">
        <context class="- topic/section task/context " xtrc="context:1;7:18" xtrf="file:/C:/Users/jfigueroa38/Documents/GitHub/TCOM-3070-User-Assistance/adding_customers.dita">
            <p class="- topic/p " xtrc="p:1;8:16" xtrf="file:/C:/Users/jfigueroa38/Documents/GitHub/TCOM-3070-User-Assistance/adding_customers.dita"/>
        </context>
        <steps class="- topic/ol task/steps " xtrc="steps:1;10:16" xtrf="file:/C:/Users/jfigueroa38/Documents/GitHub/TCOM-3070-User-Assistance/adding_customers.dita">
            <step class="- topic/li task/step " xtrc="step:1;11:19" xtrf="file:/C:/Users/jfigueroa38/Documents/GitHub/TCOM-3070-User-Assistance/adding_customers.dita">
                <cmd class="- topic/ph task/cmd " xtrc="cmd:1;12:22" xtrf="file:/C:/Users/jfigueroa38/Documents/GitHub/TCOM-3070-User-Assistance/adding_customers.dita">Go to the <b class="+ topic/ph hi-d/b " xtrc="b:1;12:35" xtrf="file:/C:/Users/jfigueroa38/Documents/GitHub/TCOM-3070-User-Assistance/adding_customers.dita">Customers</b> page from the Shopify Admin, and click the <b class="+ topic/ph hi-d/b " xtrc="b:2;12:95" xtrf="file:/C:/Users/jfigueroa38/Documents/GitHub/TCOM-3070-User-Assistance/adding_customers.dita">Add
                        customer</b> button.</cmd>
            </step>
            <step class="- topic/li task/step " xtrc="step:2;15:19" xtrf="file:/C:/Users/jfigueroa38/Documents/GitHub/TCOM-3070-User-Assistance/adding_customers.dita">
                <cmd class="- topic/ph task/cmd " xtrc="cmd:2;16:22" xtrf="file:/C:/Users/jfigueroa38/Documents/GitHub/TCOM-3070-User-Assistance/adding_customers.dita">
                    Input the information on the form, updating the checkboxes as necessary
                </cmd>
                <substeps class="- topic/ol task/substeps " id="unique_16_Connect_42_substeps_fc4_jxt_tjb" xtrc="substeps:1;19:53" xtrf="file:/C:/Users/jfigueroa38/Documents/GitHub/TCOM-3070-User-Assistance/adding_customers.dita">
                    <substep class="- topic/li task/substep " xtrc="substep:1;20:30" xtrf="file:/C:/Users/jfigueroa38/Documents/GitHub/TCOM-3070-User-Assistance/adding_customers.dita">
                         <cmd class="- topic/ph task/cmd " xtrc="cmd:3;21:31" xtrf="file:/C:/Users/jfigueroa38/Documents/GitHub/TCOM-3070-User-Assistance/adding_customers.dita">Customer accepts marketing means that the customer has agreed to receive newsletters or marketing emails.</cmd>
                        </substep>
                        <substep class="- topic/li task/substep " xtrc="substep:2;23:34" xtrf="file:/C:/Users/jfigueroa38/Documents/GitHub/TCOM-3070-User-Assistance/adding_customers.dita"> 
                        <cmd class="- topic/ph task/cmd " xtrc="cmd:4;24:30" xtrf="file:/C:/Users/jfigueroa38/Documents/GitHub/TCOM-3070-User-Assistance/adding_customers.dita">Collect tax details if you are charging a sales tax for the customer. Depending on the customer’s, or your own location, there will be additional options or information, such as tax exemption options with Browse or search exemptions.</cmd>
                    </substep>
                </substeps>          
            </step>
            <step class="- topic/li task/step " xtrc="step:3;28:19" xtrf="file:/C:/Users/jfigueroa38/Documents/GitHub/TCOM-3070-User-Assistance/adding_customers.dita">
                <cmd class="- topic/ph task/cmd " xtrc="cmd:5;29:22" xtrf="file:/C:/Users/jfigueroa38/Documents/GitHub/TCOM-3070-User-Assistance/adding_customers.dita">After filling out all the appropriate information, click Save customer to create or update the customer profile.</cmd>
            </step>
            
        </steps>
    </taskbody>
</task><task class="- topic/topic task/task " ditaarch:DITAArchVersion="1.3" domains="(topic task) (topic abbrev-d) a(props deliveryTarget) (topic equation-d) (topic hazard-d) (topic hi-d) (topic indexing-d) (topic markup-d) (topic mathml-d) (topic pr-d) (topic relmgmt-d) (topic sw-d) (topic svg-d) (topic ui-d) (topic ut-d) (topic markup-d xml-d) (topic task strictTaskbody-c)" id="unique_17" oid="emailing_customers" xtrc="task:1;3:31" xtrf="file:/C:/Users/jfigueroa38/Documents/GitHub/TCOM-3070-User-Assistance/emailing_customers.dita">
    <title class="- topic/title " xtrc="title:1;4:12" xtrf="file:/C:/Users/jfigueroa38/Documents/GitHub/TCOM-3070-User-Assistance/emailing_customers.dita">Emailing Customers</title>
    <shortdesc class="- topic/shortdesc " xtrc="shortdesc:1;5:16" xtrf="file:/C:/Users/jfigueroa38/Documents/GitHub/TCOM-3070-User-Assistance/emailing_customers.dita"/>
    <taskbody class="- topic/body task/taskbody " xtrc="taskbody:1;6:15" xtrf="file:/C:/Users/jfigueroa38/Documents/GitHub/TCOM-3070-User-Assistance/emailing_customers.dita">
        <context class="- topic/section task/context " xtrc="context:1;7:18" xtrf="file:/C:/Users/jfigueroa38/Documents/GitHub/TCOM-3070-User-Assistance/emailing_customers.dita">
            <p class="- topic/p " xtrc="p:1;8:16" xtrf="file:/C:/Users/jfigueroa38/Documents/GitHub/TCOM-3070-User-Assistance/emailing_customers.dita"/>
        </context>
        <steps class="- topic/ol task/steps " xtrc="steps:1;10:16" xtrf="file:/C:/Users/jfigueroa38/Documents/GitHub/TCOM-3070-User-Assistance/emailing_customers.dita">
            <step class="- topic/li task/step " xtrc="step:1;11:19" xtrf="file:/C:/Users/jfigueroa38/Documents/GitHub/TCOM-3070-User-Assistance/emailing_customers.dita">
                <cmd class="- topic/ph task/cmd " xtrc="cmd:1;12:22" xtrf="file:/C:/Users/jfigueroa38/Documents/GitHub/TCOM-3070-User-Assistance/emailing_customers.dita">On the Shopify Admin, click the Customers button, and select the profiles of the customers you want to email.</cmd>
            </step>
            <step class="- topic/li task/step " xtrc="step:2;14:19" xtrf="file:/C:/Users/jfigueroa38/Documents/GitHub/TCOM-3070-User-Assistance/emailing_customers.dita">
                <cmd class="- topic/ph task/cmd " xtrc="cmd:2;15:22" xtrf="file:/C:/Users/jfigueroa38/Documents/GitHub/TCOM-3070-User-Assistance/emailing_customers.dita">Click the customer’s email address in the Customer overview, and then edit the subject as necessary (  {{ shop.name }}  can be used to automatically generate your store’s name in an email).</cmd>
            </step>
            <step class="- topic/li task/step " xtrc="step:3;17:19" xtrf="file:/C:/Users/jfigueroa38/Documents/GitHub/TCOM-3070-User-Assistance/emailing_customers.dita">
                <cmd class="- topic/ph task/cmd " xtrc="cmd:3;18:22" xtrf="file:/C:/Users/jfigueroa38/Documents/GitHub/TCOM-3070-User-Assistance/emailing_customers.dita">Type your message in the message field, and if you want to keep a copy for records, enter the email you want the copies sent to in the Send bcc to field.</cmd>
            </step>
            <step class="- topic/li task/step " xtrc="step:4;20:19" xtrf="file:/C:/Users/jfigueroa38/Documents/GitHub/TCOM-3070-User-Assistance/emailing_customers.dita">
                <cmd class="- topic/ph task/cmd " xtrc="cmd:4;21:22" xtrf="file:/C:/Users/jfigueroa38/Documents/GitHub/TCOM-3070-User-Assistance/emailing_customers.dita">Click the Review email when you are done, and then click Send notification if you are satisfied with the message, or Back if you want to revise the message.</cmd>
            </step>
        </steps>
    </taskbody>
</task></topic><topic class="+ topic/topic pdf2-d/placeholder " id="d7e210"><title class="- topic/title ">Editing Customer Information</title><concept class="- topic/topic concept/concept " ditaarch:DITAArchVersion="1.3" domains="(topic concept) (topic abbrev-d) a(props deliveryTarget) (topic equation-d) (topic hazard-d) (topic hi-d) (topic indexing-d) (topic markup-d) (topic mathml-d) (topic pr-d) (topic relmgmt-d) (topic sw-d) (topic svg-d) (topic ui-d) (topic ut-d) (topic markup-d xml-d)" id="unique_18" oid="untitled24" xtrc="concept:1;3:26" xtrf="file:/C:/Users/jfigueroa38/Documents/GitHub/TCOM-3070-User-Assistance/edit_customers.dita">
    <title class="- topic/title " xtrc="title:1;4:12" xtrf="file:/C:/Users/jfigueroa38/Documents/GitHub/TCOM-3070-User-Assistance/edit_customers.dita">Edit Customers</title>
    <shortdesc class="- topic/shortdesc " xtrc="shortdesc:1;5:16" xtrf="file:/C:/Users/jfigueroa38/Documents/GitHub/TCOM-3070-User-Assistance/edit_customers.dita"/>
    <conbody class="- topic/body  concept/conbody " xtrc="conbody:1;6:14" xtrf="file:/C:/Users/jfigueroa38/Documents/GitHub/TCOM-3070-User-Assistance/edit_customers.dita">
        <p class="- topic/p " xtrc="p:1;7:12" xtrf="file:/C:/Users/jfigueroa38/Documents/GitHub/TCOM-3070-User-Assistance/edit_customers.dita">Go to the <b class="+ topic/ph hi-d/b " xtrc="b:1;7:25" xtrf="file:/C:/Users/jfigueroa38/Documents/GitHub/TCOM-3070-User-Assistance/edit_customers.dita">Customers</b> page from the Shopify Admin, and click the <b class="+ topic/ph hi-d/b " xtrc="b:2;7:85" xtrf="file:/C:/Users/jfigueroa38/Documents/GitHub/TCOM-3070-User-Assistance/edit_customers.dita">Edit
                customer</b> button.</p>
        <p class="- topic/p " xtrc="p:2;9:12" xtrf="file:/C:/Users/jfigueroa38/Documents/GitHub/TCOM-3070-User-Assistance/edit_customers.dita">.</p>
    </conbody>
</concept><task class="- topic/topic task/task " ditaarch:DITAArchVersion="1.3" domains="(topic task) (topic abbrev-d) a(props deliveryTarget) (topic equation-d) (topic hazard-d) (topic hi-d) (topic indexing-d) (topic markup-d) (topic mathml-d) (topic pr-d) (topic relmgmt-d) (topic sw-d) (topic svg-d) (topic ui-d) (topic ut-d) (topic markup-d xml-d) (topic task strictTaskbody-c)" id="unique_19" oid="edit_customers_address" xtrc="task:1;3:35" xtrf="file:/C:/Users/jfigueroa38/Documents/GitHub/TCOM-3070-User-Assistance/edit_customers_address.dita">
    <title class="- topic/title " xtrc="title:1;4:12" xtrf="file:/C:/Users/jfigueroa38/Documents/GitHub/TCOM-3070-User-Assistance/edit_customers_address.dita">Edit Customers Address</title>
    <shortdesc class="- topic/shortdesc " xtrc="shortdesc:1;5:16" xtrf="file:/C:/Users/jfigueroa38/Documents/GitHub/TCOM-3070-User-Assistance/edit_customers_address.dita"/>
    <taskbody class="- topic/body task/taskbody " xtrc="taskbody:1;6:15" xtrf="file:/C:/Users/jfigueroa38/Documents/GitHub/TCOM-3070-User-Assistance/edit_customers_address.dita">
        <context class="- topic/section task/context " xtrc="context:1;7:18" xtrf="file:/C:/Users/jfigueroa38/Documents/GitHub/TCOM-3070-User-Assistance/edit_customers_address.dita">
            <p class="- topic/p " xtrc="p:1;8:16" xtrf="file:/C:/Users/jfigueroa38/Documents/GitHub/TCOM-3070-User-Assistance/edit_customers_address.dita"/>
        </context>
        <steps class="- topic/ol task/steps " xtrc="steps:1;10:16" xtrf="file:/C:/Users/jfigueroa38/Documents/GitHub/TCOM-3070-User-Assistance/edit_customers_address.dita">
            <step class="- topic/li task/step " xtrc="step:1;11:19" xtrf="file:/C:/Users/jfigueroa38/Documents/GitHub/TCOM-3070-User-Assistance/edit_customers_address.dita">
                <cmd class="- topic/ph task/cmd " xtrc="cmd:1;12:22" xtrf="file:/C:/Users/jfigueroa38/Documents/GitHub/TCOM-3070-User-Assistance/edit_customers_address.dita">From your Shopify admin, go to Customers.</cmd>
            </step>
            <step class="- topic/li task/step " xtrc="step:2;14:19" xtrf="file:/C:/Users/jfigueroa38/Documents/GitHub/TCOM-3070-User-Assistance/edit_customers_address.dita">
                <cmd class="- topic/ph task/cmd " xtrc="cmd:2;15:22" xtrf="file:/C:/Users/jfigueroa38/Documents/GitHub/TCOM-3070-User-Assistance/edit_customers_address.dita">Click the name of the customer profile that you want to edit.</cmd>
            </step>
            <step class="- topic/li task/step " xtrc="step:3;17:19" xtrf="file:/C:/Users/jfigueroa38/Documents/GitHub/TCOM-3070-User-Assistance/edit_customers_address.dita">
                <cmd class="- topic/ph task/cmd " xtrc="cmd:3;18:22" xtrf="file:/C:/Users/jfigueroa38/Documents/GitHub/TCOM-3070-User-Assistance/edit_customers_address.dita">In the Default Address section, click Manage to view or edit existing addresses.</cmd>
            </step>
            <step class="- topic/li task/step " xtrc="step:4;20:19" xtrf="file:/C:/Users/jfigueroa38/Documents/GitHub/TCOM-3070-User-Assistance/edit_customers_address.dita">
                <cmd class="- topic/ph task/cmd " xtrc="cmd:4;21:22" xtrf="file:/C:/Users/jfigueroa38/Documents/GitHub/TCOM-3070-User-Assistance/edit_customers_address.dita">In the Manage Addresses dialog, click Edit address under the address that you want to edit.</cmd>
            </step>
            <step class="- topic/li task/step " xtrc="step:5;23:19" xtrf="file:/C:/Users/jfigueroa38/Documents/GitHub/TCOM-3070-User-Assistance/edit_customers_address.dita">
                <cmd class="- topic/ph task/cmd " xtrc="cmd:5;24:22" xtrf="file:/C:/Users/jfigueroa38/Documents/GitHub/TCOM-3070-User-Assistance/edit_customers_address.dita">Change the customer's address details and click Save.</cmd>
            </step>
        </steps>
    </taskbody>
</task><task class="- topic/topic task/task " ditaarch:DITAArchVersion="1.3" domains="(topic task) (topic abbrev-d) a(props deliveryTarget) (topic equation-d) (topic hazard-d) (topic hi-d) (topic indexing-d) (topic markup-d) (topic mathml-d) (topic pr-d) (topic relmgmt-d) (topic sw-d) (topic svg-d) (topic ui-d) (topic ut-d) (topic markup-d xml-d) (topic task strictTaskbody-c)" id="unique_20" oid="edit_customer_s_tag" xtrc="task:1;3:32" xtrf="file:/C:/Users/jfigueroa38/Documents/GitHub/TCOM-3070-User-Assistance/edit_customer_s_tag.dita">
    <title class="- topic/title " xtrc="title:1;4:12" xtrf="file:/C:/Users/jfigueroa38/Documents/GitHub/TCOM-3070-User-Assistance/edit_customer_s_tag.dita">Edit Customer's Tag</title>
    <shortdesc class="- topic/shortdesc " xtrc="shortdesc:1;5:16" xtrf="file:/C:/Users/jfigueroa38/Documents/GitHub/TCOM-3070-User-Assistance/edit_customer_s_tag.dita"/>
    <taskbody class="- topic/body task/taskbody " xtrc="taskbody:1;6:15" xtrf="file:/C:/Users/jfigueroa38/Documents/GitHub/TCOM-3070-User-Assistance/edit_customer_s_tag.dita">
        <context class="- topic/section task/context " xtrc="context:1;7:18" xtrf="file:/C:/Users/jfigueroa38/Documents/GitHub/TCOM-3070-User-Assistance/edit_customer_s_tag.dita">
            <p class="- topic/p " xtrc="p:1;8:16" xtrf="file:/C:/Users/jfigueroa38/Documents/GitHub/TCOM-3070-User-Assistance/edit_customer_s_tag.dita">Using tags can help you organize your customer profile list. You can use tags to
                label your customers with categories or descriptive terms. For example, if you have
                wholesale customers, then you can tag those customers as wholesale.</p>
        </context>
        <steps class="- topic/ol task/steps " xtrc="steps:1;12:16" xtrf="file:/C:/Users/jfigueroa38/Documents/GitHub/TCOM-3070-User-Assistance/edit_customer_s_tag.dita">
            <step class="- topic/li task/step " xtrc="step:1;13:19" xtrf="file:/C:/Users/jfigueroa38/Documents/GitHub/TCOM-3070-User-Assistance/edit_customer_s_tag.dita">
                <cmd class="- topic/ph task/cmd " xtrc="cmd:1;14:22" xtrf="file:/C:/Users/jfigueroa38/Documents/GitHub/TCOM-3070-User-Assistance/edit_customer_s_tag.dita">From your Shopify admin, go to <b class="+ topic/ph hi-d/b " xtrc="b:1;14:56" xtrf="file:/C:/Users/jfigueroa38/Documents/GitHub/TCOM-3070-User-Assistance/edit_customer_s_tag.dita">Customers</b></cmd>
            </step>
            <step class="- topic/li task/step " xtrc="step:2;16:19" xtrf="file:/C:/Users/jfigueroa38/Documents/GitHub/TCOM-3070-User-Assistance/edit_customer_s_tag.dita">
                <cmd class="- topic/ph task/cmd " xtrc="cmd:2;17:22" xtrf="file:/C:/Users/jfigueroa38/Documents/GitHub/TCOM-3070-User-Assistance/edit_customer_s_tag.dita">Click the name of the customer profile you want to edit.</cmd>
            </step>
            <step class="- topic/li task/step " xtrc="step:3;19:19" xtrf="file:/C:/Users/jfigueroa38/Documents/GitHub/TCOM-3070-User-Assistance/edit_customer_s_tag.dita">
                <cmd class="- topic/ph task/cmd " xtrc="cmd:3;20:22" xtrf="file:/C:/Users/jfigueroa38/Documents/GitHub/TCOM-3070-User-Assistance/edit_customer_s_tag.dita">In the Tags section, add or edit your customer profile tags in the text box.</cmd>
            </step>
            <step class="- topic/li task/step " xtrc="step:4;22:19" xtrf="file:/C:/Users/jfigueroa38/Documents/GitHub/TCOM-3070-User-Assistance/edit_customer_s_tag.dita">
                <cmd class="- topic/ph task/cmd " xtrc="cmd:4;23:22" xtrf="file:/C:/Users/jfigueroa38/Documents/GitHub/TCOM-3070-User-Assistance/edit_customer_s_tag.dita">Click Save to confirm your changes.</cmd>
            </step>
        </steps>
    </taskbody>
</task></topic></topic><topic xmlns:ot-placeholder="http://suite-sol.com/namespaces/ot-placeholder" class="+ topic/topic pdf2-d/placeholder " id="d7e245"><title class="- topic/title ">Orders</title></topic><topic xmlns:ot-placeholder="http://suite-sol.com/namespaces/ot-placeholder" class="+ topic/topic pdf2-d/placeholder " id="d7e247"><title class="- topic/title ">Transactions</title></topic><topic xmlns:ot-placeholder="http://suite-sol.com/namespaces/ot-placeholder" class="+ topic/topic pdf2-d/placeholder " id="d7e249"><title class="- topic/title ">Analytics</title></topic><topic xmlns:ot-placeholder="http://suite-sol.com/namespaces/ot-placeholder" class="+ topic/topic pdf2-d/placeholder " id="d7e251"><title class="- topic/title ">Troubleshooting</title></topic><topic xmlns:ot-placeholder="http://suite-sol.com/namespaces/ot-placeholder" class="+ topic/topic pdf2-d/placeholder " id="d7e254"><title class="- topic/title ">Glossary</title><reference class="- topic/topic       reference/reference " ditaarch:DITAArchVersion="1.3" domains="(topic reference) (topic abbrev-d) a(props deliveryTarget) (topic equation-d) (topic hazard-d) (topic hi-d) (topic indexing-d) (topic markup-d) (topic mathml-d) (topic pr-d) (topic relmgmt-d) (topic sw-d) (topic svg-d) (topic ui-d) (topic ut-d) (topic markup-d xml-d)" id="unique_21" oid="reference_nfc_2kj_sjb" xtrc="reference:1;3:39" xtrf="file:/C:/Users/jfigueroa38/Documents/GitHub/TCOM-3070-User-Assistance/Glossary.dita">
    <title class="- topic/title " xtrc="title:1;4:12" xtrf="file:/C:/Users/jfigueroa38/Documents/GitHub/TCOM-3070-User-Assistance/Glossary.dita">Glossary</title>
    <shortdesc class="- topic/shortdesc " xtrc="shortdesc:1;5:16" xtrf="file:/C:/Users/jfigueroa38/Documents/GitHub/TCOM-3070-User-Assistance/Glossary.dita">Glossary</shortdesc>
    <refbody class="- topic/body        reference/refbody " xtrc="refbody:1;6:14" xtrf="file:/C:/Users/jfigueroa38/Documents/GitHub/TCOM-3070-User-Assistance/Glossary.dita">
        <refbodydiv class="- topic/bodydiv     reference/refbodydiv " xtrc="refbodydiv:1;7:21" xtrf="file:/C:/Users/jfigueroa38/Documents/GitHub/TCOM-3070-User-Assistance/Glossary.dita">
            <section class="- topic/section " id="unique_21_Connect_42_section_lnh_nkj_sjb" xtrc="section:1;8:47" xtrf="file:/C:/Users/jfigueroa38/Documents/GitHub/TCOM-3070-User-Assistance/Glossary.dita">
                <title class="- topic/title " xtrc="title:2;9:24" xtrf="file:/C:/Users/jfigueroa38/Documents/GitHub/TCOM-3070-User-Assistance/Glossary.dita">Website Domain</title>
                <p class="- topic/p " xtrc="p:1;10:20" xtrf="file:/C:/Users/jfigueroa38/Documents/GitHub/TCOM-3070-User-Assistance/Glossary.dita">The name of the website or URL, sometimes called the host name. A web domain is
                    an actual presence on the Internet, such as a web page. A web domain name is a
                    substitute that replaces the Internet Protocol (IP) address. For example, we can
                    replace the IP address 207.97.195.109 with a domain name such as
                    www.shopify.com.</p>
            </section>
            <section class="- topic/section " id="unique_21_Connect_42_section_tkz_clj_sjb" xtrc="section:2;16:47" xtrf="file:/C:/Users/jfigueroa38/Documents/GitHub/TCOM-3070-User-Assistance/Glossary.dita">
                <title class="- topic/title " xtrc="title:3;17:24" xtrf="file:/C:/Users/jfigueroa38/Documents/GitHub/TCOM-3070-User-Assistance/Glossary.dita">Traffic Sources</title>
                <p class="- topic/p " dir="ltr" id="unique_21_Connect_42_docs-internal-guid-821f2c6d-7fff-4804-5f4f-248f175df0de" xtrc="p:2;18:91" xtrf="file:/C:/Users/jfigueroa38/Documents/GitHub/TCOM-3070-User-Assistance/Glossary.dita">A report
                    that provides an overview of the different kinds of sources that send people to
                    your website. </p>
                <ul class="- topic/ul " id="unique_21_Connect_42_ul_p3s_n2v_rjb" xtrc="ul:1;21:41" xtrf="file:/C:/Users/jfigueroa38/Documents/GitHub/TCOM-3070-User-Assistance/Glossary.dita">
                    <li class="- topic/li " dir="ltr" xtrc="li:1;22:35" xtrf="file:/C:/Users/jfigueroa38/Documents/GitHub/TCOM-3070-User-Assistance/Glossary.dita">
                        <p class="- topic/p " dir="ltr" xtrc="p:3;23:38" xtrf="file:/C:/Users/jfigueroa38/Documents/GitHub/TCOM-3070-User-Assistance/Glossary.dita"><u class="+ topic/ph hi-d/u " xtrc="u:1;23:41" xtrf="file:/C:/Users/jfigueroa38/Documents/GitHub/TCOM-3070-User-Assistance/Glossary.dita">Direct Traffic:</u>People who show up to the site by
                            directly using the URL associated with it or from using a bookmark.</p>
                    </li>
                    <li class="- topic/li " dir="ltr" xtrc="li:2;26:35" xtrf="file:/C:/Users/jfigueroa38/Documents/GitHub/TCOM-3070-User-Assistance/Glossary.dita">
                        <p class="- topic/p " dir="ltr" xtrc="p:4;27:38" xtrf="file:/C:/Users/jfigueroa38/Documents/GitHub/TCOM-3070-User-Assistance/Glossary.dita"><u class="+ topic/ph hi-d/u " xtrc="u:2;27:41" xtrf="file:/C:/Users/jfigueroa38/Documents/GitHub/TCOM-3070-User-Assistance/Glossary.dita">Social: </u>Other websites that send traffic over to you.
                            These are commonly through social media sites such as Twitter and
                            Facebook where the URL for the storefront is shared.</p>
                    </li>
                    <li class="- topic/li " dir="ltr" xtrc="li:3;31:35" xtrf="file:/C:/Users/jfigueroa38/Documents/GitHub/TCOM-3070-User-Assistance/Glossary.dita">
                        <p class="- topic/p " dir="ltr" xtrc="p:5;32:38" xtrf="file:/C:/Users/jfigueroa38/Documents/GitHub/TCOM-3070-User-Assistance/Glossary.dita"><u class="+ topic/ph hi-d/u " xtrc="u:3;32:41" xtrf="file:/C:/Users/jfigueroa38/Documents/GitHub/TCOM-3070-User-Assistance/Glossary.dita">Email: </u>Traffic from emails that included links to the
                            URL.</p>
                    </li>
                    <li class="- topic/li " xtrc="li:4;35:25" xtrf="file:/C:/Users/jfigueroa38/Documents/GitHub/TCOM-3070-User-Assistance/Glossary.dita"><u class="+ topic/ph hi-d/u " xtrc="u:4;35:28" xtrf="file:/C:/Users/jfigueroa38/Documents/GitHub/TCOM-3070-User-Assistance/Glossary.dita">Unknown: </u>Traffic from places that cannot be determined. This is a
                        common category.</li>
                </ul>
            </section>
            
            
        </refbodydiv>
    </refbody>
</reference></topic><opentopic-index:index.groups/></map>